{"inputUnits":[34],"outputUnits":2,"inputs":{"0":{"dtype":"number","min":275.41156344943573,"max":291.92235757035814},"1":{"dtype":"number","min":61.74237018904955,"max":76.84513233326098},"2":{"dtype":"number","min":277.1796613548234,"max":291.26441881205835},"3":{"dtype":"number","min":53.79910831562955,"max":66.7667851438764},"4":{"dtype":"number","min":261.61620617842345,"max":283.2250408447741},"5":{"dtype":"number","min":50.902025843689074,"max":64.86803378278051},"6":{"dtype":"number","min":273.6843646014178,"max":289.5622399164687},"7":{"dtype":"number","min":64.41469188786854,"max":76.19661922343292},"8":{"dtype":"number","min":230.03607855902777,"max":247.20287776597524},"9":{"dtype":"number","min":64.11298458106799,"max":70.0617276018823},"10":{"dtype":"number","min":234.9676921167801,"max":261.28140291507714},"11":{"dtype":"number","min":121.13769412273086,"max":132.48956572475024},"12":{"dtype":"number","min":234.4082730834247,"max":240.5807999281855},"13":{"dtype":"number","min":126.1339903714364,"max":133.16126535278082},"14":{"dtype":"number","min":263.94470750239856,"max":290.223621866624},"15":{"dtype":"number","min":213.65731579518456,"max":238.0065798991837},"16":{"dtype":"number","min":262.9950269435117,"max":278.56918498554194},"17":{"dtype":"number","min":227.37635800248233,"max":242.68987525508646},"18":{"dtype":"number","min":310.78097278379323,"max":332.4182640506975},"19":{"dtype":"number","min":238.04590370222837,"max":306.04258457354865},"20":{"dtype":"number","min":314.53893382646885,"max":329.62583307634316},"21":{"dtype":"number","min":288.1336627090186,"max":307.6365735981664},"22":{"dtype":"number","min":243.3044662624307,"max":284.46806374116716},"23":{"dtype":"number","min":278.08928067688817,"max":301.83378282810975},"24":{"dtype":"number","min":242.98125447353192,"max":265.5303425630863},"25":{"dtype":"number","min":277.55126135158724,"max":303.27847664816335},"26":{"dtype":"number","min":265.2982412118893,"max":349.3834116677327},"27":{"dtype":"number","min":305.006672225268,"max":384.88139845939173},"28":{"dtype":"number","min":270.3697850039595,"max":326.4258883292215},"29":{"dtype":"number","min":306.3722904197886,"max":412.0702298110456},"30":{"dtype":"number","min":253.57407240839729,"max":360.30173132526477},"31":{"dtype":"number","min":346.19410702591983,"max":458.37808490031875},"32":{"dtype":"number","min":278.87827867652936,"max":346.10885768838324},"33":{"dtype":"number","min":328.21271572893824,"max":458.5347566362942}},"outputs":{"0":{"dtype":"string","min":0,"max":1,"uniqueValues":["u","d"],"legend":{"u":[1,0],"d":[0,1]}}},"isNormalized":true}