{"inputUnits":[34],"outputUnits":2,"inputs":{"0":{"dtype":"number","min":257.1106418066787,"max":374.88881607501827},"1":{"dtype":"number","min":251.79303561502496,"max":360.70504766691033},"2":{"dtype":"number","min":260.716409218474,"max":375.62223973562374},"3":{"dtype":"number","min":241.9086386399892,"max":367.9663889031661},"4":{"dtype":"number","min":253.35338034825017,"max":371.20616057695236},"5":{"dtype":"number","min":244.51435468350235,"max":387.5571243851273},"6":{"dtype":"number","min":280.62439529984084,"max":380.6985162805628},"7":{"dtype":"number","min":245.84840116445082,"max":379.9083949901439},"8":{"dtype":"number","min":241.4047781068679,"max":367.60163483796293},"9":{"dtype":"number","min":247.8838355824729,"max":394.11735609028534},"10":{"dtype":"number","min":289.7896143149214,"max":412.6511119820221},"11":{"dtype":"number","min":263.55910808719386,"max":378.54315380371565},"12":{"dtype":"number","min":283.7999958833988,"max":348.5177160192419},"13":{"dtype":"number","min":263.29890766106615,"max":359.1588560182448},"14":{"dtype":"number","min":218.3004290783382,"max":463.975972552978},"15":{"dtype":"number","min":271.06409381472344,"max":372.6511577881335},"16":{"dtype":"number","min":223.1295437282986,"max":361.70374463176165},"17":{"dtype":"number","min":269.37349970112996,"max":364.6889967295626},"18":{"dtype":"number","min":169.55322027671173,"max":520.0285568386025},"19":{"dtype":"number","min":231.9438019691155,"max":383.3973720617461},"20":{"dtype":"number","min":166.57735188802081,"max":363.16694977223057},"21":{"dtype":"number","min":233.3276771709003,"max":374.16956851356906},"22":{"dtype":"number","min":310.1439013862238,"max":418.29701667175885},"23":{"dtype":"number","min":276.87462343807107,"max":429.667148999071},"24":{"dtype":"number","min":295.5850671838831,"max":371.10384162174097},"25":{"dtype":"number","min":296.9422756440458,"max":431.2092492176078},"26":{"dtype":"number","min":229.9706501802738,"max":469.62759512442125},"27":{"dtype":"number","min":278.83474171510215,"max":455.84930806596833},"28":{"dtype":"number","min":226.30347298367445,"max":359.53526837086815},"29":{"dtype":"number","min":276.63627401430006,"max":480.70048698440166},"30":{"dtype":"number","min":176.0318082396747,"max":520.1487163818834},"31":{"dtype":"number","min":295.0618471736796,"max":496.4715735303496},"32":{"dtype":"number","min":172.01587520844754,"max":348.29403287950777},"33":{"dtype":"number","min":356.59417433115937,"max":533.5986506590369}},"outputs":{"0":{"dtype":"string","min":0,"max":1,"uniqueValues":["u","d"],"legend":{"u":[1,0],"d":[0,1]}}},"isNormalized":true}