{"inputUnits":[34],"outputUnits":2,"inputs":{"0":{"dtype":"number","min":271.62344830310366,"max":535.4804626821774},"1":{"dtype":"number","min":219.22308101988676,"max":339.4513956705729},"2":{"dtype":"number","min":274.926175420512,"max":539.344076524701},"3":{"dtype":"number","min":216.1385968600565,"max":336.14618312545684},"4":{"dtype":"number","min":254.6919054176375,"max":545.7899061652884},"5":{"dtype":"number","min":216.34382162410145,"max":334.6182896426314},"6":{"dtype":"number","min":296.16622151454754,"max":544.509310062401},"7":{"dtype":"number","min":217.91534869991546,"max":340.40548491896243},"8":{"dtype":"number","min":261.35491369295767,"max":542.7536798964235},"9":{"dtype":"number","min":219.66996588902163,"max":336.6101056372213},"10":{"dtype":"number","min":302.63034158747564,"max":538.1230002955386},"11":{"dtype":"number","min":226.1093823765686,"max":373.2698305959125},"12":{"dtype":"number","min":315.7355521575749,"max":487.62714110852215},"13":{"dtype":"number","min":227.09886874371801,"max":343.04676137704826},"14":{"dtype":"number","min":228.93866466499907,"max":528.306763409174},"15":{"dtype":"number","min":237.14378014874967,"max":360.3714483012},"16":{"dtype":"number","min":213.52936207434817,"max":478.9577910123977},"17":{"dtype":"number","min":234.9247304459064,"max":357.15738709209955},"18":{"dtype":"number","min":84.82802006236294,"max":558.0315631174901},"19":{"dtype":"number","min":235.72601764522796,"max":345.5496810704876},"20":{"dtype":"number","min":192.66642966465642,"max":563.687543664527},"21":{"dtype":"number","min":230.84708587468015,"max":343.24800517359205},"22":{"dtype":"number","min":329.535527220014,"max":519.3809487712778},"23":{"dtype":"number","min":242.4408301042999,"max":430.0113712184378},"24":{"dtype":"number","min":319.3105490165844,"max":468.32994725039595},"25":{"dtype":"number","min":244.475074455752,"max":435.74084603530855},"26":{"dtype":"number","min":210.30451902869152,"max":517.4976209079081},"27":{"dtype":"number","min":240.9244336579975,"max":470.5728006641767},"28":{"dtype":"number","min":225.73246232715033,"max":468.7624533134594},"29":{"dtype":"number","min":238.82343255056043,"max":454.4304352104083},"30":{"dtype":"number","min":183.1688763058906,"max":516.1548044899982},"31":{"dtype":"number","min":255.72065327367352,"max":538.1158194439685},"32":{"dtype":"number","min":191.0392770153737,"max":420.5373259129812},"33":{"dtype":"number","min":284.5997622603329,"max":498.7581992102878}},"outputs":{"0":{"dtype":"string","min":0,"max":1,"uniqueValues":["u","d"],"legend":{"u":[1,0],"d":[0,1]}}},"isNormalized":true}