{"inputUnits":[34],"outputUnits":2,"inputs":{"0":{"dtype":"number","min":326.4770365040205,"max":334.29555733069105},"1":{"dtype":"number","min":169.5540650127924,"max":175.87499845330012},"2":{"dtype":"number","min":338.7026328371282,"max":343.0683066087392},"3":{"dtype":"number","min":161.86376084593536,"max":166.17069296437163},"4":{"dtype":"number","min":321.06443007322315,"max":325.33081114175957},"5":{"dtype":"number","min":158.6043237013194,"max":165.76574016965154},"6":{"dtype":"number","min":349.2049409446196,"max":354.50128269009656},"7":{"dtype":"number","min":169.49254800004567,"max":174.85042966132505},"8":{"dtype":"number","min":307.8861389755041,"max":312.3598309195297},"9":{"dtype":"number","min":169.12548459296568,"max":175.91562341760704},"10":{"dtype":"number","min":355.94434593156063,"max":373.08643006441883},"11":{"dtype":"number","min":202.16183697735818,"max":231.11608672560305},"12":{"dtype":"number","min":290.9837385924936,"max":302.07033094142145},"13":{"dtype":"number","min":204.24009416070828,"max":231.79580480266964},"14":{"dtype":"number","min":376.59329806619684,"max":391.28055862515987},"15":{"dtype":"number","min":159.5094843635782,"max":307.8279063204343},"16":{"dtype":"number","min":272.6983618782742,"max":296.19907312225877},"17":{"dtype":"number","min":157.22919902838692,"max":305.473237214265},"18":{"dtype":"number","min":361.09776130661396,"max":403.07176050851683},"19":{"dtype":"number","min":77.16820908336379,"max":371.17662098905026},"20":{"dtype":"number","min":256.19031285217164,"max":317.60775501035573},"21":{"dtype":"number","min":73.56542635614645,"max":353.1509286385995},"22":{"dtype":"number","min":342.95105367143714,"max":356.9666919373629},"23":{"dtype":"number","min":316.27293547691653,"max":350.2129228677433},"24":{"dtype":"number","min":289.5946789717349,"max":302.26438050149244},"25":{"dtype":"number","min":311.5013851292184,"max":354.58337884200245},"26":{"dtype":"number","min":337.6889690971746,"max":350.7371690538194},"27":{"dtype":"number","min":343.73442116304216,"max":362.2315238372624},"28":{"dtype":"number","min":288.9823214584856,"max":298.62982498972036},"29":{"dtype":"number","min":341.97248135393824,"max":356.7527104725382},"30":{"dtype":"number","min":306.8464169864766,"max":338.9034747519688},"31":{"dtype":"number","min":464.0985904567191,"max":492.94787906996226},"32":{"dtype":"number","min":290.98111991064354,"max":299.75445139477824},"33":{"dtype":"number","min":450.3198480141325,"max":491.0237749185246}},"outputs":{"0":{"dtype":"string","min":0,"max":1,"uniqueValues":["u","d"],"legend":{"u":[1,0],"d":[0,1]}}},"isNormalized":true}