{"inputUnits":[34],"outputUnits":2,"inputs":{"0":{"dtype":"number","min":271.3750423557809,"max":307.3615364535742},"1":{"dtype":"number","min":50.22744935390776,"max":59.25492496750741},"2":{"dtype":"number","min":279.4623744418049,"max":314.60355167500455},"3":{"dtype":"number","min":44.94934617427357,"max":51.065989116943825},"4":{"dtype":"number","min":263.3774803117005,"max":299.5519509417736},"5":{"dtype":"number","min":43.6273389671281,"max":51.21774892825596},"6":{"dtype":"number","min":290.7489894101029,"max":325.07925052159476},"7":{"dtype":"number","min":55.52766082347253,"max":59.86843928956148},"8":{"dtype":"number","min":251.56148988601058,"max":287.23699499059603},"9":{"dtype":"number","min":55.204244691726046,"max":59.353111594276356},"10":{"dtype":"number","min":309.32856925979223,"max":343.4707103231032},"11":{"dtype":"number","min":105.96455534996343,"max":115.19107067561754},"12":{"dtype":"number","min":237.77739794398374,"max":275.25522302698204},"13":{"dtype":"number","min":100.4660498189647,"max":108.85252121596307},"14":{"dtype":"number","min":317.36387256525643,"max":351.131638197871},"15":{"dtype":"number","min":166.43615068283228,"max":186.69644956235533},"16":{"dtype":"number","min":190.93801754957053,"max":222.39518133985135},"17":{"dtype":"number","min":147.5418774937561,"max":162.14713024117094},"18":{"dtype":"number","min":326.0401544701054,"max":354.8040545428241},"19":{"dtype":"number","min":192.1219574034098,"max":231.82279709486932},"20":{"dtype":"number","min":222.38489697551168,"max":253.22439569246467},"21":{"dtype":"number","min":184.53112745377985,"max":198.40398517036067},"22":{"dtype":"number","min":248.933608741091,"max":314.00522272953975},"23":{"dtype":"number","min":224.12486829255755,"max":236.47313733314678},"24":{"dtype":"number","min":248.20320411964698,"max":300.5585204602217},"25":{"dtype":"number","min":220.15188235753226,"max":232.85548695346762},"26":{"dtype":"number","min":276.2154122216892,"max":305.1479924073693},"27":{"dtype":"number","min":327.1990966796875,"max":340.66150449637547},"28":{"dtype":"number","min":204.79406048215154,"max":285.7339495385599},"29":{"dtype":"number","min":311.74064651102583,"max":341.5497660497476},"30":{"dtype":"number","min":280.41645302874764,"max":291.7145388121726},"31":{"dtype":"number","min":417.0793261909113,"max":440.36766914828706},"32":{"dtype":"number","min":154.67177601120858,"max":270.1049197905245},"33":{"dtype":"number","min":397.2983854416518,"max":435.70261488648646}},"outputs":{"0":{"dtype":"string","min":0,"max":1,"uniqueValues":["u","d"],"legend":{"u":[1,0],"d":[0,1]}}},"isNormalized":true}