{"inputUnits":[34],"outputUnits":2,"inputs":{"0":{"dtype":"number","min":239.6434261924342,"max":376.0003810830516},"1":{"dtype":"number","min":241.2013204474198,"max":364.34780247262574},"2":{"dtype":"number","min":239.30834894756592,"max":378.406205428274},"3":{"dtype":"number","min":240.4584959747731,"max":360.1027091994852},"4":{"dtype":"number","min":234.5091173198023,"max":376.8974686412551},"5":{"dtype":"number","min":240.57530713592587,"max":362.4860273513645},"6":{"dtype":"number","min":263.96477206641003,"max":384.042740909212},"7":{"dtype":"number","min":239.40750748558116,"max":362.8126766807154},"8":{"dtype":"number","min":224.0465451959978,"max":375.01267996447825},"9":{"dtype":"number","min":239.387913122047,"max":365.47822770087106},"10":{"dtype":"number","min":258.6377711602819,"max":382.3659805387084},"11":{"dtype":"number","min":263.6897117213199,"max":376.865961323937},"12":{"dtype":"number","min":265.8894975747746,"max":374.3461207339638},"13":{"dtype":"number","min":247.93515151471888,"max":381.00536145662005},"14":{"dtype":"number","min":225.9698319760447,"max":404.4886431777686},"15":{"dtype":"number","min":271.9363123724567,"max":376.778582448383},"16":{"dtype":"number","min":244.9635645102339,"max":385.2431483575475},"17":{"dtype":"number","min":263.85300218013293,"max":373.14169662505327},"18":{"dtype":"number","min":193.653764929223,"max":379.2688516706054},"19":{"dtype":"number","min":235.71586742735747,"max":368.47600211874084},"20":{"dtype":"number","min":186.58940424928423,"max":371.765015362299},"21":{"dtype":"number","min":233.39422095821146,"max":364.90442346643516},"22":{"dtype":"number","min":268.83898045352095,"max":378.80052852816516},"23":{"dtype":"number","min":276.5844673022889,"max":435.7635935287029},"24":{"dtype":"number","min":276.3550958763554,"max":373.1914527699729},"25":{"dtype":"number","min":276.3948841355232,"max":433.29244751214515},"26":{"dtype":"number","min":246.27972459700138,"max":384.7064149495918},"27":{"dtype":"number","min":279.4063522569385,"max":480.56485523722085},"28":{"dtype":"number","min":246.92843669571604,"max":377.06962258262706},"29":{"dtype":"number","min":278.0224216751188,"max":478.31654665762915},"30":{"dtype":"number","min":174.18125561571028,"max":378.0562949227078},"31":{"dtype":"number","min":295.6034934358058,"max":555.6940771032263},"32":{"dtype":"number","min":174.6325041118421,"max":369.65873971087655},"33":{"dtype":"number","min":296.4255031414664,"max":532.8028468081825}},"outputs":{"0":{"dtype":"string","min":0,"max":1,"uniqueValues":["u","d"],"legend":{"u":[1,0],"d":[0,1]}}},"isNormalized":true}