{"inputUnits":[34],"outputUnits":2,"inputs":{"0":{"dtype":"number","min":402.00668186239795,"max":416.54133430466084},"1":{"dtype":"number","min":145.71057295473926,"max":158.52464731673746},"2":{"dtype":"number","min":411.4876254492568,"max":428.65777147676044},"3":{"dtype":"number","min":138.34875326175205,"max":148.0208618877924},"4":{"dtype":"number","min":407.344933820282,"max":421.2043754770974},"5":{"dtype":"number","min":136.17712545116044,"max":146.87216180574592},"6":{"dtype":"number","min":439.38423608478746,"max":456.88459444696673},"7":{"dtype":"number","min":149.7130669487847,"max":158.19990280775994},"8":{"dtype":"number","min":408.76977634244025,"max":428.67871617248414},"9":{"dtype":"number","min":144.43803932234556,"max":157.7832107097782},"10":{"dtype":"number","min":444.7834287052266,"max":453.42490510401433},"11":{"dtype":"number","min":209.32293034901164,"max":219.96185116832947},"12":{"dtype":"number","min":429.5593767370629,"max":453.1829584132858},"13":{"dtype":"number","min":199.7550983317414,"max":210.65021180270008},"14":{"dtype":"number","min":410.1057270488776,"max":441.39486733003434},"15":{"dtype":"number","min":287.6714611982974,"max":329.09920973155},"16":{"dtype":"number","min":406.4595605801885,"max":438.5880038240964},"17":{"dtype":"number","min":279.05340283934834,"max":320.0102398967185},"18":{"dtype":"number","min":255.02071150097464,"max":414.06011213336075},"19":{"dtype":"number","min":343.42720849704557,"max":388.21599889684603},"20":{"dtype":"number","min":276.31720291940786,"max":422.33463131196316},"21":{"dtype":"number","min":340.9031327751412,"max":385.0153807403981},"22":{"dtype":"number","min":390.3196873953003,"max":423.20195188764006},"23":{"dtype":"number","min":333.21221662078915,"max":356.808886909113},"24":{"dtype":"number","min":394.4856610214501,"max":447.21809372334917},"25":{"dtype":"number","min":333.43473021747076,"max":370.36484270300315},"26":{"dtype":"number","min":255.9502448068957,"max":328.6254573472527},"27":{"dtype":"number","min":344.35935691550924,"max":382.6860894097222},"28":{"dtype":"number","min":273.06472867553,"max":414.31662159821207},"29":{"dtype":"number","min":338.6038535194322,"max":444.744248418083},"30":{"dtype":"number","min":195.35557202196028,"max":280.60579534162554},"31":{"dtype":"number","min":378.3757271868908,"max":494.6347813299525},"32":{"dtype":"number","min":198.88534575642666,"max":417.77619865670306},"33":{"dtype":"number","min":370.1128454375685,"max":497.1025296633238}},"outputs":{"0":{"dtype":"string","min":0,"max":1,"uniqueValues":["u","d"],"legend":{"u":[1,0],"d":[0,1]}}},"isNormalized":true}