{"inputUnits":[34],"outputUnits":2,"inputs":{"0":{"dtype":"number","min":403.59963251600954,"max":412.3175138060809},"1":{"dtype":"number","min":146.92871450680738,"max":157.81897115428544},"2":{"dtype":"number","min":413.48576120001064,"max":426.0339991995233},"3":{"dtype":"number","min":140.27178119265312,"max":147.6458835415905},"4":{"dtype":"number","min":409.30873699820296,"max":419.4330862205163},"5":{"dtype":"number","min":137.73237395704837,"max":145.9894453201145},"6":{"dtype":"number","min":440.82954421610395,"max":452.2695250632005},"7":{"dtype":"number","min":150.9457831726669,"max":157.55380775496275},"8":{"dtype":"number","min":408.3840746070906,"max":428.3472976535849},"9":{"dtype":"number","min":145.8945267288773,"max":154.3679339611507},"10":{"dtype":"number","min":443.51270530656063,"max":453.9377824511909},"11":{"dtype":"number","min":212.98933300590886,"max":218.59058432179353},"12":{"dtype":"number","min":435.3858870418913,"max":450.9626945510477},"13":{"dtype":"number","min":203.3794434307611,"max":208.59501769900555},"14":{"dtype":"number","min":418.8683235436155,"max":436.115732174403},"15":{"dtype":"number","min":300.5437354967143,"max":317.4188245806777},"16":{"dtype":"number","min":416.8001151874981,"max":428.0082723457678},"17":{"dtype":"number","min":291.6611282913773,"max":304.9198494180601},"18":{"dtype":"number","min":379.0118486281724,"max":399.21895753105713},"19":{"dtype":"number","min":369.70727991174766,"max":385.3129622253061},"20":{"dtype":"number","min":375.8060406244289,"max":395.75580143324345},"21":{"dtype":"number","min":346.2360106945967,"max":379.5447751839026},"22":{"dtype":"number","min":392.2705375567282,"max":440.538619192023},"23":{"dtype":"number","min":338.1923257630703,"max":368.9634909825018},"24":{"dtype":"number","min":386.27957052189936,"max":438.2958153767427},"25":{"dtype":"number","min":343.2866384643792,"max":372.25512945164013},"26":{"dtype":"number","min":259.453144036306,"max":360.53254304108793},"27":{"dtype":"number","min":344.14232755962166,"max":400.58640507926714},"28":{"dtype":"number","min":267.2672549837049,"max":418.38598708660277},"29":{"dtype":"number","min":340.5029320670382,"max":422.05038862618784},"30":{"dtype":"number","min":250.39785106279695,"max":339.92520371375724},"31":{"dtype":"number","min":395.28149729351316,"max":489.31110225922873},"32":{"dtype":"number","min":256.159567730701,"max":416.9985460723817},"33":{"dtype":"number","min":373.63473933110225,"max":497.5959389669853}},"outputs":{"0":{"dtype":"string","min":0,"max":1,"uniqueValues":["u","d"],"legend":{"u":[1,0],"d":[0,1]}}},"isNormalized":true}