{"inputUnits":[34],"outputUnits":2,"inputs":{"0":{"dtype":"number","min":330.2855921814084,"max":451.9650869388097},"1":{"dtype":"number","min":102.65602751317311,"max":131.26345033998842},"2":{"dtype":"number","min":335.61749225936205,"max":447.5671392667595},"3":{"dtype":"number","min":95.5900106746086,"max":121.95768077471101},"4":{"dtype":"number","min":319.85842498422363,"max":445.18712807817064},"5":{"dtype":"number","min":93.7246234142757,"max":120.84932732535617},"6":{"dtype":"number","min":333.91683537592894,"max":452.8110193323206},"7":{"dtype":"number","min":98.64726031268083,"max":123.50673801950077},"8":{"dtype":"number","min":293.4031817043966,"max":420.70716158920794},"9":{"dtype":"number","min":96.56605443526894,"max":120.8103080288476},"10":{"dtype":"number","min":300.54497196428025,"max":429.46026837384255},"11":{"dtype":"number","min":138.47023456417327,"max":171.9630893164443},"12":{"dtype":"number","min":286.7478047569825,"max":395.3676731637579},"13":{"dtype":"number","min":130.2577176754005,"max":163.79298040973742},"14":{"dtype":"number","min":346.4209026016919,"max":436.3137960155108},"15":{"dtype":"number","min":173.0524336013645,"max":226.43951059084884},"16":{"dtype":"number","min":317.7280107762149,"max":397.07319932606714},"17":{"dtype":"number","min":152.9010122793692,"max":214.18371605826633},"18":{"dtype":"number","min":382.9823960570099,"max":456.45539817289534},"19":{"dtype":"number","min":165.90386225233763,"max":244.4366794162326},"20":{"dtype":"number","min":370.99815680966736,"max":469.97169420268335},"21":{"dtype":"number","min":160.12512285109847,"max":204.3864455790083},"22":{"dtype":"number","min":285.5052080953795,"max":389.68070760805006},"23":{"dtype":"number","min":282.4296498438071,"max":316.94714522036423},"24":{"dtype":"number","min":276.93012973718476,"max":371.61306637769553},"25":{"dtype":"number","min":270.3487379880909,"max":317.2504613924677},"26":{"dtype":"number","min":259.85028659158746,"max":337.86833348562374},"27":{"dtype":"number","min":401.638004236054,"max":492.7759502923976},"28":{"dtype":"number","min":260.23832956949866,"max":329.5292607060185},"29":{"dtype":"number","min":398.0065373649374,"max":480.32461184971976},"30":{"dtype":"number","min":254.77933322244684,"max":313.4442198160331},"31":{"dtype":"number","min":512.6582321553667,"max":557.8364406831083},"32":{"dtype":"number","min":256.42193770083304,"max":312.52671626576205},"33":{"dtype":"number","min":511.8211641367416,"max":557.5777439764369}},"outputs":{"0":{"dtype":"string","min":0,"max":1,"uniqueValues":["u","d"],"legend":{"u":[1,0],"d":[0,1]}}},"isNormalized":true}