{"inputUnits":[34],"outputUnits":2,"inputs":{"0":{"dtype":"number","min":320.82981697067646,"max":339.03116084911204},"1":{"dtype":"number","min":48.598558451929506,"max":65.8165760300545},"2":{"dtype":"number","min":329.6622400116502,"max":344.9892421075475},"3":{"dtype":"number","min":41.07713234587254,"max":57.39333719770346},"4":{"dtype":"number","min":313.2101250066627,"max":329.9971921448587},"5":{"dtype":"number","min":42.24651031791582,"max":56.57789918181956},"6":{"dtype":"number","min":343.33030834532616,"max":353.88760750753835},"7":{"dtype":"number","min":48.957770572535935,"max":62.999033193606834},"8":{"dtype":"number","min":304.61774502581324,"max":314.3410469635188},"9":{"dtype":"number","min":51.596424482022115,"max":61.2204859921342},"10":{"dtype":"number","min":359.8778268840113,"max":375.0696110121223},"11":{"dtype":"number","min":96.46357575355216,"max":109.32846753453185},"12":{"dtype":"number","min":290.26046009323983,"max":300.62158885755036},"13":{"dtype":"number","min":104.04085363793325,"max":114.36807732833057},"14":{"dtype":"number","min":416.6444283944589,"max":430.1359263637609},"15":{"dtype":"number","min":154.60019057721885,"max":161.80350677311768},"16":{"dtype":"number","min":264.320257235224,"max":276.96454187582805},"17":{"dtype":"number","min":165.96104969522872,"max":177.111332170215},"18":{"dtype":"number","min":384.2117925275836,"max":392.4240249128137},"19":{"dtype":"number","min":190.06549500582508,"max":205.01804760789776},"20":{"dtype":"number","min":280.4767940290722,"max":296.9394307573404},"21":{"dtype":"number","min":203.85645340293007,"max":214.66686226471126},"22":{"dtype":"number","min":355.70026568734386,"max":366.57672190526773},"23":{"dtype":"number","min":226.00438882035814,"max":233.21766873781672},"24":{"dtype":"number","min":307.11162485342044,"max":313.8610542401468},"25":{"dtype":"number","min":219.421486306144,"max":234.56565157944232},"26":{"dtype":"number","min":348.79437481915505,"max":416.5860000223676},"27":{"dtype":"number","min":322.43069356877436,"max":337.48860483745847},"28":{"dtype":"number","min":324.30382087216736,"max":335.37065472519186},"29":{"dtype":"number","min":333.1283622875548,"max":342.71949931659657},"30":{"dtype":"number","min":339.4088112773486,"max":463.7753331591511},"31":{"dtype":"number","min":403.5203397576107,"max":439.08927932352583},"32":{"dtype":"number","min":329.9645448799951,"max":351.9834200912981},"33":{"dtype":"number","min":428.3626474599857,"max":441.5214482060185}},"outputs":{"0":{"dtype":"string","min":0,"max":1,"uniqueValues":["u","d"],"legend":{"u":[1,0],"d":[0,1]}}},"isNormalized":true}