{"inputUnits":[34],"outputUnits":2,"inputs":{"0":{"dtype":"number","min":300.17640877885424,"max":532.4779732092546},"1":{"dtype":"number","min":220.60801574826007,"max":361.6688379953247},"2":{"dtype":"number","min":319.9959278292591,"max":543.2291428712841},"3":{"dtype":"number","min":220.45471756546584,"max":355.5095453987344},"4":{"dtype":"number","min":293.5432752345273,"max":545.0378275196455},"5":{"dtype":"number","min":221.15139803226464,"max":356.6353055422301},"6":{"dtype":"number","min":331.89128615470423,"max":583.9656635009289},"7":{"dtype":"number","min":222.01537134122196,"max":357.5270709656832},"8":{"dtype":"number","min":273.8377276266295,"max":548.3452851591054},"9":{"dtype":"number","min":223.93103527046782,"max":355.3527897468552},"10":{"dtype":"number","min":325.7082659924007,"max":535.8416566607083},"11":{"dtype":"number","min":230.6101457324409,"max":371.540550544248},"12":{"dtype":"number","min":327.1174606709917,"max":506.56998543246675},"13":{"dtype":"number","min":230.9969099316216,"max":371.1450433266325},"14":{"dtype":"number","min":222.68710071348073,"max":532.1947361758346},"15":{"dtype":"number","min":234.50988025925545,"max":358.22941175910694},"16":{"dtype":"number","min":258.15775672362327,"max":491.4266474019249},"17":{"dtype":"number","min":237.27899696394712,"max":357.8178538123534},"18":{"dtype":"number","min":98.7641279878672,"max":559.790775009066},"19":{"dtype":"number","min":232.86677191364367,"max":360.0450498644139},"20":{"dtype":"number","min":165.1429091187713,"max":562.8017718517757},"21":{"dtype":"number","min":237.5626190364012,"max":354.88504331711437},"22":{"dtype":"number","min":340.71094431142825,"max":518.4019681398863},"23":{"dtype":"number","min":264.9379892330653,"max":431.4227074814586},"24":{"dtype":"number","min":339.8830724645544,"max":488.3002744083516},"25":{"dtype":"number","min":246.0537565056576,"max":430.5986228184393},"26":{"dtype":"number","min":225.81882588347494,"max":518.1452986510873},"27":{"dtype":"number","min":249.80979636863424,"max":493.78612198560086},"28":{"dtype":"number","min":254.74678143655578,"max":493.2087954396625},"29":{"dtype":"number","min":248.59458164862025,"max":453.5916952687164},"30":{"dtype":"number","min":179.3663741738243,"max":554.2467357494213},"31":{"dtype":"number","min":328.46738997491013,"max":560.250665170175},"32":{"dtype":"number","min":184.4311178404453,"max":538.8495289466069},"33":{"dtype":"number","min":282.5210586161176,"max":516.9692445870263}},"outputs":{"0":{"dtype":"string","min":0,"max":1,"uniqueValues":["u","d"],"legend":{"u":[1,0],"d":[0,1]}}},"isNormalized":true}