{"inputUnits":[34],"outputUnits":2,"inputs":{"0":{"dtype":"number","min":305.43719970227215,"max":333.24703640407984},"1":{"dtype":"number","min":51.17795115093506,"max":89.02620252345272},"2":{"dtype":"number","min":310.32611928720456,"max":330.85707993535266},"3":{"dtype":"number","min":44.02870787979333,"max":80.34016332198769},"4":{"dtype":"number","min":296.2769815842775,"max":327.3945186384472},"5":{"dtype":"number","min":44.604656970524175,"max":78.76992409689385},"6":{"dtype":"number","min":311.55827572471213,"max":328.04197612561677},"7":{"dtype":"number","min":50.79550819322611,"max":87.55493758947063},"8":{"dtype":"number","min":272.7729865775006,"max":302.26415147093536},"9":{"dtype":"number","min":50.818098339653375,"max":82.12792781361361},"10":{"dtype":"number","min":282.56038435253714,"max":302.3885617618672},"11":{"dtype":"number","min":87.20485813668827,"max":131.72307064658716},"12":{"dtype":"number","min":274.28028426439903,"max":297.7583345706932},"13":{"dtype":"number","min":90.03460681461684,"max":131.9619626050804},"14":{"dtype":"number","min":285.66665381716007,"max":310.8644975509792},"15":{"dtype":"number","min":168.29237315157468,"max":208.2439495480781},"16":{"dtype":"number","min":282.5581050523308,"max":304.66345000685305},"17":{"dtype":"number","min":167.76229531211925,"max":211.58848277309482},"18":{"dtype":"number","min":311.28513328745584,"max":324.2002321358545},"19":{"dtype":"number","min":232.89782250833787,"max":273.83350394622624},"20":{"dtype":"number","min":312.7766272710313,"max":324.50806437412433},"21":{"dtype":"number","min":235.9226543582671,"max":276.4142666643823},"22":{"dtype":"number","min":256.85721503363715,"max":307.06499899107575},"23":{"dtype":"number","min":213.61081902279022,"max":261.1253872995953},"24":{"dtype":"number","min":272.6461714657194,"max":309.9170802304154},"25":{"dtype":"number","min":215.3863691958303,"max":262.5734277914839},"26":{"dtype":"number","min":273.2410679272508,"max":304.57455700136296},"27":{"dtype":"number","min":331.80859422590765,"max":362.8223325495134},"28":{"dtype":"number","min":293.5258427372685,"max":353.2603219610441},"29":{"dtype":"number","min":328.6177428842288,"max":359.59211620903386},"30":{"dtype":"number","min":280.4520251922905,"max":295.4157838579739},"31":{"dtype":"number","min":410.3061561510112,"max":452.55175733659235},"32":{"dtype":"number","min":280.4234328836958,"max":293.77397503769186},"33":{"dtype":"number","min":435.04346524065693,"max":450.6519565991258}},"outputs":{"0":{"dtype":"string","min":0,"max":1,"uniqueValues":["u","d"],"legend":{"u":[1,0],"d":[0,1]}}},"isNormalized":true}