{"inputUnits":[34],"outputUnits":2,"inputs":{"0":{"dtype":"number","min":253.96891335530123,"max":384.0922555309987},"1":{"dtype":"number","min":101.68227866843893,"max":200.45414350186172},"2":{"dtype":"number","min":261.13818029214065,"max":393.6186126054611},"3":{"dtype":"number","min":94.03269806800529,"max":193.5304810522128},"4":{"dtype":"number","min":260.62105331272176,"max":388.80201194718563},"5":{"dtype":"number","min":93.57857925385295,"max":193.63790173744366},"6":{"dtype":"number","min":278.411626834386,"max":415.20782440958897},"7":{"dtype":"number","min":101.55520002279596,"max":199.74800126594408},"8":{"dtype":"number","min":273.36773610254477,"max":406.5740841871116},"9":{"dtype":"number","min":100.03197735048408,"max":199.78466491253056},"10":{"dtype":"number","min":271.4586545709978,"max":434.56905759101255},"11":{"dtype":"number","min":131.58742030926382,"max":263.66061115822595},"12":{"dtype":"number","min":283.78285547446086,"max":446.1216590093125},"13":{"dtype":"number","min":132.9489123844496,"max":247.40031043456077},"14":{"dtype":"number","min":271.9076722500152,"max":428.41770759567646},"15":{"dtype":"number","min":179.93706310934027,"max":350.43432403029055},"16":{"dtype":"number","min":275.5226301821584,"max":460.4011055275246},"17":{"dtype":"number","min":180.18138744212962,"max":347.12488423546387},"18":{"dtype":"number","min":255.4040708783542,"max":395.3946145933274},"19":{"dtype":"number","min":169.75521511501734,"max":417.561076352006},"20":{"dtype":"number","min":258.0983943827668,"max":448.0015965511924},"21":{"dtype":"number","min":159.16534516778836,"max":413.41587297168155},"22":{"dtype":"number","min":287.0814689651102,"max":435.3119681731999},"23":{"dtype":"number","min":229.46026242499693,"max":414.1769284253929},"24":{"dtype":"number","min":297.3261475144771,"max":434.86909862614976},"25":{"dtype":"number","min":229.18240731222585,"max":399.18290465431136},"26":{"dtype":"number","min":284.29952580561644,"max":391.5844209012929},"27":{"dtype":"number","min":384.17951855278386,"max":473.334206623873},"28":{"dtype":"number","min":297.6983868634259,"max":417.2242089879443},"29":{"dtype":"number","min":340.0103985821759,"max":474.60049337346186},"30":{"dtype":"number","min":272.5037543164824,"max":381.34447629456395},"31":{"dtype":"number","min":424.13811339737146,"max":536.5590114481964},"32":{"dtype":"number","min":288.4428658587658,"max":419.3915019304896},"33":{"dtype":"number","min":420.35594085038986,"max":536.872986910636}},"outputs":{"0":{"dtype":"string","min":0,"max":1,"uniqueValues":["u","d"],"legend":{"u":[1,0],"d":[0,1]}}},"isNormalized":true}