{"inputUnits":[34],"outputUnits":2,"inputs":{"0":{"dtype":"number","min":316.0905052021465,"max":381.63657576949504},"1":{"dtype":"number","min":79.93763181898328,"max":94.68660529361597},"2":{"dtype":"number","min":329.3501861750731,"max":395.8722804257279},"3":{"dtype":"number","min":65.5701504534448,"max":80.4847468177245},"4":{"dtype":"number","min":318.2019514414767,"max":390.36219189738665},"5":{"dtype":"number","min":68.28693174246922,"max":81.13414697479783},"6":{"dtype":"number","min":376.66328266582525,"max":438.40994524444517},"7":{"dtype":"number","min":73.25351707651834,"max":85.85782651548033},"8":{"dtype":"number","min":317.74282206336426,"max":405.8697551407544},"9":{"dtype":"number","min":77.543820832905,"max":87.3382960983187},"10":{"dtype":"number","min":389.3015698289778,"max":486.4367848297773},"11":{"dtype":"number","min":112.12781761124816,"max":162.6591340003655},"12":{"dtype":"number","min":352.7949116429855,"max":423.5899620725397},"13":{"dtype":"number","min":123.59192370438899,"max":160.03529892562656},"14":{"dtype":"number","min":361.83301780656063,"max":489.8913633707206},"15":{"dtype":"number","min":186.51950650280213,"max":300.9779116981908},"16":{"dtype":"number","min":278.45272666529604,"max":432.02883714820905},"17":{"dtype":"number","min":152.88628234268396,"max":254.21877914934362},"18":{"dtype":"number","min":196.65689152351362,"max":483.12709488599154},"19":{"dtype":"number","min":138.052002607498,"max":363.02652935303206},"20":{"dtype":"number","min":181.44363611529909,"max":441.2564968830428},"21":{"dtype":"number","min":139.50570386287993,"max":261.21049326995194},"22":{"dtype":"number","min":367.8110734668159,"max":471.063567936769},"23":{"dtype":"number","min":234.53102037455835,"max":389.26880656162433},"24":{"dtype":"number","min":344.70024718643396,"max":389.4310220640305},"25":{"dtype":"number","min":336.59540663453333,"max":379.12941787675106},"26":{"dtype":"number","min":203.51905867370246,"max":451.80546989217834},"27":{"dtype":"number","min":316.43181665134244,"max":421.1371373107791},"28":{"dtype":"number","min":198.51680525097464,"max":280.46395998949197},"29":{"dtype":"number","min":374.3234211287768,"max":412.99963402701627},"30":{"dtype":"number","min":162.674905579922,"max":404.1250164188139},"31":{"dtype":"number","min":401.01308008383586,"max":521.9332439578765},"32":{"dtype":"number","min":167.21636974788316,"max":237.71348607470415},"33":{"dtype":"number","min":427.2570301078216,"max":521.7423291420146}},"outputs":{"0":{"dtype":"string","min":0,"max":1,"uniqueValues":["u","d"],"legend":{"u":[1,0],"d":[0,1]}}},"isNormalized":true}