{"inputUnits":[34],"outputUnits":2,"inputs":{"0":{"dtype":"number","min":274.56068012914227,"max":308.2668704503228},"1":{"dtype":"number","min":57.48068796496176,"max":71.50588126675194},"2":{"dtype":"number","min":277.21609892668545,"max":306.1379219635188},"3":{"dtype":"number","min":46.04665001465794,"max":58.752288074753665},"4":{"dtype":"number","min":260.23994914272373,"max":298.70227241144306},"5":{"dtype":"number","min":45.777152435124265,"max":58.88715152852018},"6":{"dtype":"number","min":278.5147325244331,"max":303.6895751953125},"7":{"dtype":"number","min":56.749994824504284,"max":67.79799611944901},"8":{"dtype":"number","min":231.79735745138126,"max":262.5446559021115},"9":{"dtype":"number","min":54.64784380520527,"max":68.59011703996862},"10":{"dtype":"number","min":241.47739090649935,"max":273.08221649705314},"11":{"dtype":"number","min":115.30852468390214,"max":128.0742551569353},"12":{"dtype":"number","min":236.01586295382552,"max":261.1900035121985},"13":{"dtype":"number","min":120.67787571957237,"max":130.7188412552921},"14":{"dtype":"number","min":265.6552701061464,"max":282.0790510568005},"15":{"dtype":"number","min":218.21979961432442,"max":230.61501069840398},"16":{"dtype":"number","min":262.94944183171145,"max":272.1153637029042},"17":{"dtype":"number","min":220.51569234093262,"max":238.13889888294955},"18":{"dtype":"number","min":317.0930527060585,"max":329.28201656824893},"19":{"dtype":"number","min":290.5174573634335,"max":308.1738507306134},"20":{"dtype":"number","min":315.3102914910567,"max":326.58749883402623},"21":{"dtype":"number","min":292.74729648761115,"max":308.5641354566429},"22":{"dtype":"number","min":243.65835773549813,"max":289.0216932984588},"23":{"dtype":"number","min":267.0342303716648,"max":282.69941869070186},"24":{"dtype":"number","min":257.3838712458025,"max":266.5423982557033},"25":{"dtype":"number","min":267.2302353172971,"max":284.2404838100976},"26":{"dtype":"number","min":248.22783888432016,"max":328.05572985673274},"27":{"dtype":"number","min":312.5004515173839,"max":384.7183786730552},"28":{"dtype":"number","min":274.2149100201404,"max":324.98799403973254},"29":{"dtype":"number","min":311.68704503228554,"max":384.4122207373903},"30":{"dtype":"number","min":252.93518601802356,"max":341.91869040446437},"31":{"dtype":"number","min":369.7638986449957,"max":458.0397798118071},"32":{"dtype":"number","min":278.5449597245304,"max":337.4631937484295},"33":{"dtype":"number","min":354.8617770843803,"max":457.82409400270694}},"outputs":{"0":{"dtype":"string","min":0,"max":1,"uniqueValues":["u","d"],"legend":{"u":[1,0],"d":[0,1]}}},"isNormalized":true}